<?xml version="1.0" encoding="UTF-8"?>
<metadata xml:lang="en"><Esri><CreaDate>20120612</CreaDate><CreaTime>10222000</CreaTime><ArcGISFormat>1.0</ArcGISFormat><ArcGISstyle>Item Description</ArcGISstyle><SyncOnce>TRUE</SyncOnce><DataProperties><lineage><Process ToolSource="C:\Program Files (x86)\ArcGIS\Desktop10.0\ArcToolbox\Toolboxes\Data Management Tools.tbx\CreateFishnet" Date="20120523" Time="133642">CreateFishnet "I:\projects\Server\commercial\PGC Imagery Tiled Mosaic.gdb\Index_Grid" "-3000000 -3000000" "-3000000 3000000" 100000 100000 60 60 # LABELS # POLYGON</Process><Process ToolSource="C:\Program Files (x86)\ArcGIS\Desktop10.0\ArcToolbox\Toolboxes\Data Management Tools.tbx\DefineProjection" Date="20120523" Time="133814">DefineProjection Index_Grid PROJCS['WGS_1984_Antarctic_Polar_Stereographic',GEOGCS['GCS_WGS_1984',DATUM['D_WGS_1984',SPHEROID['WGS_1984',6378137.0,298.257223563]],PRIMEM['Greenwich',0.0],UNIT['Degree',0.0174532925199433]],PROJECTION['Stereographic_South_Pole'],PARAMETER['False_Easting',0.0],PARAMETER['False_Northing',0.0],PARAMETER['Central_Meridian',0.0],PARAMETER['Standard_Parallel_1',-71.0],UNIT['Meter',1.0]]</Process><Process ToolSource="C:\Program Files (x86)\ArcGIS\Desktop10.0\ArcToolbox\Toolboxes\Data Management Tools.tbx\CalculateField" Date="20120523" Time="134854">CalculateField Index_Grid status 1 VB #</Process><Process ToolSource="C:\Program Files (x86)\ArcGIS\Desktop10.0\ArcToolbox\Toolboxes\Data Management Tools.tbx\CalculateField" Date="20120523" Time="134913">CalculateField Index_Grid status 0 VB #</Process><Process ToolSource="C:\Program Files (x86)\ArcGIS\Desktop10.0\ArcToolbox\Toolboxes\Data Management Tools.tbx\DeleteField" Date="20120523" Time="135514">DeleteField Index_Grid xmin;xmax;ymin;ymax;path</Process><Process ToolSource="C:\Program Files (x86)\ArcGIS\Desktop10.0\ArcToolbox\Toolboxes\Data Management Tools.tbx\CalculateField" Date="20120523" Time="135717">CalculateField Index_Grid status 1 VB #</Process><Process ToolSource="C:\Program Files (x86)\ArcGIS\Desktop10.0\ArcToolbox\Toolboxes\Data Management Tools.tbx\CalculateField" Date="20120523" Time="135733">CalculateField Index_Grid status 0 VB #</Process><Process ToolSource="C:\Program Files (x86)\ArcGIS\Desktop10.0\ArcToolbox\Toolboxes\Data Management Tools.tbx\CalculateField" Date="20120709" Time="110556">CalculateField PGC_Imagery_Mosaic_Tiles_Antarctica status 2 VB #</Process><Process ToolSource="C:\Program Files (x86)\ArcGIS\Desktop10.0\ArcToolbox\Toolboxes\Data Management Tools.tbx\CalculateField" Date="20120709" Time="110700">CalculateField PGC_Imagery_Mosaic_Tiles_Antarctica status 2 VB #</Process><Process ToolSource="C:\Program Files (x86)\ArcGIS\Desktop10.0\ArcToolbox\Toolboxes\Data Management Tools.tbx\CalculateField" Date="20120731" Time="164225">CalculateField PGC_Imagery_Mosaic_Tiles_Antarctica status 2 VB #</Process><Process ToolSource="C:\Program Files (x86)\ArcGIS\Desktop10.0\ArcToolbox\Toolboxes\Data Management Tools.tbx\CalculateField" Date="20120731" Time="164244">CalculateField PGC_Imagery_Mosaic_Tiles_Antarctica status 2 VB #</Process><Process ToolSource="C:\Program Files (x86)\ArcGIS\Desktop10.0\ArcToolbox\Toolboxes\Data Management Tools.tbx\CalculateField" Date="20120815" Time="164648">CalculateField PGC_Imagery_Mosaic_Tiles_Antarctica status 2 VB #</Process><Process ToolSource="C:\Program Files (x86)\ArcGIS\Desktop10.0\ArcToolbox\Toolboxes\Data Management Tools.tbx\CalculateField" Date="20120824" Time="163628">CalculateField PGC_Imagery_Mosaic_Tiles_Antarctica status 0 VB #</Process><Process ToolSource="C:\Program Files (x86)\ArcGIS\Desktop10.0\ArcToolbox\Toolboxes\Data Management Tools.tbx\CalculateField" Date="20120824" Time="163723">CalculateField PGC_Imagery_Mosaic_Tiles_Antarctica status 2 VB #</Process><Process ToolSource="C:\Program Files (x86)\ArcGIS\Desktop10.0\ArcToolbox\Toolboxes\Data Management Tools.tbx\CalculateField" Date="20120824" Time="163741">CalculateField PGC_Imagery_Mosaic_Tiles_Antarctica status 2 VB #</Process><Process ToolSource="C:\Program Files (x86)\ArcGIS\Desktop10.0\ArcToolbox\Toolboxes\Data Management Tools.tbx\CalculateField" Date="20120824" Time="163816">CalculateField PGC_Imagery_Mosaic_Tiles_Antarctica status 2 VB #</Process><Process ToolSource="C:\Program Files (x86)\ArcGIS\Desktop10.0\ArcToolbox\Toolboxes\Data Management Tools.tbx\CalculateField" Date="20120903" Time="160635">CalculateField PGC_Imagery_Mosaic_Tiles_Antarctica status 2 VB #</Process><Process ToolSource="C:\Program Files (x86)\ArcGIS\Desktop10.0\ArcToolbox\Toolboxes\Data Management Tools.tbx\CalculateField" Date="20120904" Time="111224">CalculateField PGC_Imagery_Mosaic_Tiles_Antarctica status 2 VB #</Process><Process ToolSource="c:\program files (x86)\arcgis\desktop10.1\ArcToolbox\Toolboxes\Data Management Tools.tbx\CalculateField" Date="20120918" Time="181616">CalculateField PGC_Imagery_Mosaic_Tiles_Antarctica status 2 VB #</Process><Process ToolSource="c:\program files (x86)\arcgis\desktop10.1\ArcToolbox\Toolboxes\Data Management Tools.tbx\CalculateField" Date="20120918" Time="181709">CalculateField PGC_Imagery_Mosaic_Tiles_Antarctica status 2 VB #</Process><Process ToolSource="c:\program files (x86)\arcgis\desktop10.1\ArcToolbox\Toolboxes\Data Management Tools.tbx\CalculateField" Date="20121005" Time="171223">CalculateField PGC_Imagery_Mosaic_Tiles_Antarctica status 2 VB #</Process><Process ToolSource="c:\program files (x86)\arcgis\desktop10.1\ArcToolbox\Toolboxes\Data Management Tools.tbx\CalculateField" Date="20121011" Time="104321">CalculateField PGC_Imagery_Mosaic_Tiles_Antarctica status 2 VB #</Process><Process ToolSource="C:\Program Files (x86)\ArcGIS\Desktop10.0\ArcToolbox\Toolboxes\Data Management Tools.tbx\CalculateField" Date="20121208" Time="140755">CalculateField PGC_Imagery_Mosaic_Tiles_Antarctica status 1 VB #</Process><Process ToolSource="C:\Program Files (x86)\ArcGIS\Desktop10.0\ArcToolbox\Toolboxes\Data Management Tools.tbx\CalculateField" Date="20130111" Time="081616">CalculateField PGC_Imagery_Mosaic_Tiles_Antarctica status 1 VB #</Process><Process ToolSource="C:\Program Files (x86)\ArcGIS\Desktop10.0\ArcToolbox\Toolboxes\Data Management Tools.tbx\CalculateField" Date="20130129" Time="094530">CalculateField PGC_Imagery_Mosaic_Tiles_Antarctica status 2 VB #</Process><Process ToolSource="c:\program files (x86)\arcgis\desktop10.1\ArcToolbox\Toolboxes\Data Management Tools.tbx\CalculateField" Date="20130409" Time="164956">CalculateField PGC_Imagery_Mosaic_Tiles_Antarctica status 2 VB #</Process><Process ToolSource="c:\program files (x86)\arcgis\desktop10.1\ArcToolbox\Toolboxes\Data Management Tools.tbx\CalculateField" Date="20130416" Time="115044">CalculateField PGC_Imagery_Mosaic_Tiles_Antarctica status 2 VB #</Process><Process ToolSource="c:\program files (x86)\arcgis\desktop10.1\ArcToolbox\Toolboxes\Data Management Tools.tbx\CalculateField" Date="20130416" Time="155339">CalculateField PGC_Imagery_Mosaic_Tiles_Antarctica status 10 VB #</Process><Process ToolSource="c:\program files (x86)\arcgis\desktop10.1\ArcToolbox\Toolboxes\Data Management Tools.tbx\CalculateField" Date="20130422" Time="093948">CalculateField PGC_Imagery_Mosaic_Tiles_Antarctica status 2 VB #</Process><Process ToolSource="c:\program files (x86)\arcgis\desktop10.1\ArcToolbox\Toolboxes\Data Management Tools.tbx\CalculateField" Date="20130422" Time="094116">CalculateField PGC_Imagery_Mosaic_Tiles_Antarctica status 10 VB #</Process><Process ToolSource="c:\program files (x86)\arcgis\desktop10.1\ArcToolbox\Toolboxes\Data Management Tools.tbx\CalculateField" Date="20130507" Time="141251">CalculateField PGC_Imagery_Mosaic_Tiles_Antarctica status 2 VB #</Process><Process ToolSource="c:\program files (x86)\arcgis\desktop10.1\ArcToolbox\Toolboxes\Data Management Tools.tbx\CalculateField" Date="20130507" Time="141359">CalculateField PGC_Imagery_Mosaic_Tiles_Antarctica status 10 VB #</Process><Process ToolSource="c:\program files (x86)\arcgis\desktop10.1\ArcToolbox\Toolboxes\Data Management Tools.tbx\CalculateField" Date="20130513" Time="131824">CalculateField PGC_Imagery_Mosaic_Tiles_Antarctica status 2 VB #</Process><Process ToolSource="c:\program files (x86)\arcgis\desktop10.1\ArcToolbox\Toolboxes\Data Management Tools.tbx\CalculateField" Date="20130513" Time="131906">CalculateField PGC_Imagery_Mosaic_Tiles_Antarctica status 10 VB #</Process><Process ToolSource="c:\program files (x86)\arcgis\desktop10.1\ArcToolbox\Toolboxes\Data Management Tools.tbx\CalculateField" Date="20130910" Time="163146">CalculateField PGC_Imagery_Mosaic_Tiles_Antarctica status 2 VB #</Process><Process ToolSource="c:\program files (x86)\arcgis\desktop10.2\ArcToolbox\Toolboxes\Data Management Tools.tbx\CalculateField" Date="20131205" Time="154745">CalculateField PGC_Imagery_Mosaic_Tiles_Antarctica status 1 VB #</Process><Process ToolSource="c:\program files (x86)\arcgis\desktop10.2\ArcToolbox\Toolboxes\Data Management Tools.tbx\CalculateField" Date="20140310" Time="152018">CalculateField PGC_Imagery_Mosaic_Tiles_Antarctica status 2 VB #</Process><Process ToolSource="c:\program files (x86)\arcgis\desktop10.2\ArcToolbox\Toolboxes\Data Management Tools.tbx\CalculateField" Date="20140418" Time="131628">CalculateField PGC_Imagery_Mosaic_Tiles_Antarctica status 2 VB #</Process><Process ToolSource="c:\program files (x86)\arcgis\desktop10.2\ArcToolbox\Toolboxes\Data Management Tools.tbx\CalculateField" Date="20140421" Time="145354">CalculateField PGC_Imagery_Mosaic_Tiles_Antarctica status 1 VB #</Process><Process ToolSource="c:\program files (x86)\arcgis\desktop10.2\ArcToolbox\Toolboxes\Data Management Tools.tbx\CalculateField" Date="20140423" Time="170114">CalculateField PGC_Imagery_Mosaic_Tiles_Antarctica status 2 VB #</Process><Process ToolSource="c:\program files (x86)\arcgis\desktop10.2\ArcToolbox\Toolboxes\Data Management Tools.tbx\CalculateField" Date="20140424" Time="103919">CalculateField PGC_Imagery_Mosaic_Tiles_Antarctica status 1 VB #</Process><Process ToolSource="c:\program files (x86)\arcgis\desktop10.2\ArcToolbox\Toolboxes\Data Management Tools.tbx\CalculateField" Date="20140424" Time="104216">CalculateField PGC_Imagery_Mosaic_Tiles_Antarctica status 2 VB #</Process><Process ToolSource="c:\program files (x86)\arcgis\desktop10.2\ArcToolbox\Toolboxes\Data Management Tools.tbx\CalculateField" Date="20140424" Time="104226">CalculateField PGC_Imagery_Mosaic_Tiles_Antarctica status 2 VB #</Process><Process ToolSource="c:\program files (x86)\arcgis\desktop10.2\ArcToolbox\Toolboxes\Data Management Tools.tbx\CalculateField" Date="20140424" Time="104538">CalculateField PGC_Imagery_Mosaic_Tiles_Antarctica status 1 VB #</Process><Process ToolSource="c:\program files (x86)\arcgis\desktop10.2\ArcToolbox\Toolboxes\Data Management Tools.tbx\CalculateField" Date="20140513" Time="124135">CalculateField PGC_Imagery_Mosaic_Tiles_Antarctica status 2 VB #</Process><Process ToolSource="c:\program files (x86)\arcgis\desktop10.2\ArcToolbox\Toolboxes\Data Management Tools.tbx\CalculateField" Date="20140821" Time="102123">CalculateField PGC_Imagery_Mosaic_Tiles_Antarctica ymin "!ycen! - 50000" PYTHON_9.3 #</Process><Process ToolSource="c:\program files (x86)\arcgis\desktop10.2\ArcToolbox\Toolboxes\Data Management Tools.tbx\CalculateField" Date="20140821" Time="102536">CalculateField PGC_Imagery_Mosaic_Tiles_Antarctica row "!row! + 5" PYTHON_9.3 #</Process><Process ToolSource="c:\program files (x86)\arcgis\desktop10.2\ArcToolbox\Toolboxes\Data Management Tools.tbx\CalculateField" Date="20140821" Time="102810">CalculateField PGC_Imagery_Mosaic_Tiles_Antarctica row "!row! -2" PYTHON_9.3 #</Process><Process ToolSource="c:\program files (x86)\arcgis\desktop10.2\ArcToolbox\Toolboxes\Data Management Tools.tbx\CalculateField" Date="20140821" Time="102913">CalculateField PGC_Imagery_Mosaic_Tiles_Antarctica row "!row! -3" PYTHON_9.3 #</Process><Process ToolSource="c:\program files (x86)\arcgis\desktop10.2\ArcToolbox\Toolboxes\Data Management Tools.tbx\CalculateField" Date="20140821" Time="103112">CalculateField PGC_Imagery_Mosaic_Tiles_Antarctica ymin "!ycen! - 50000" PYTHON_9.3 #</Process><Process ToolSource="c:\program files (x86)\arcgis\desktop10.2\ArcToolbox\Toolboxes\Data Management Tools.tbx\CalculateField" Date="20140821" Time="103120">CalculateField PGC_Imagery_Mosaic_Tiles_Antarctica ymax "!ycen! + 50000" PYTHON_9.3 #</Process><Process ToolSource="c:\program files (x86)\arcgis\desktop10.2\ArcToolbox\Toolboxes\Data Management Tools.tbx\CalculateField" Date="20140821" Time="103318">CalculateField PGC_Imagery_Mosaic_Tiles_Antarctica row "(!ycen! + 50000 +3000000) / 100000" PYTHON_9.3 #</Process><Process ToolSource="c:\program files (x86)\arcgis\desktop10.2\ArcToolbox\Toolboxes\Data Management Tools.tbx\CalculateField" Date="20140821" Time="103426">CalculateField PGC_Imagery_Mosaic_Tiles_Antarctica name ""%01d_%01d" %( !row!, !col!)" PYTHON_9.3 #</Process><Process ToolSource="c:\program files (x86)\arcgis\desktop10.2\ArcToolbox\Toolboxes\Data Management Tools.tbx\CalculateField" Date="20140821" Time="103456">CalculateField PGC_Imagery_Mosaic_Tiles_Antarctica name ""%02d_%02d" %( !row!, !col!)" PYTHON_9.3 #</Process><Process ToolSource="c:\program files (x86)\arcgis\desktop10.2\ArcToolbox\Toolboxes\Data Management Tools.tbx\CalculateField" Date="20140821" Time="103622">CalculateField PGC_Imagery_Mosaic_Tiles_Antarctica status 1 VB #</Process><Process ToolSource="c:\program files (x86)\arcgis\desktop10.2\ArcToolbox\Toolboxes\Data Management Tools.tbx\CalculateField" Date="20140821" Time="104213">CalculateField PGC_Imagery_Mosaic_Tiles_Antarctica status 1 VB #</Process><Process ToolSource="c:\program files (x86)\arcgis\desktop10.2\ArcToolbox\Toolboxes\Data Management Tools.tbx\CalculateField" Date="20140825" Time="105440">CalculateField PGC_Imagery_Mosaic_Tiles_Antarctica status 1 PYTHON_9.3 #</Process><Process ToolSource="c:\program files (x86)\arcgis\desktop10.2\ArcToolbox\Toolboxes\Data Management Tools.tbx\CalculateField" Date="20140825" Time="110633">CalculateField PGC_Imagery_Mosaic_Tiles_Antarctica status 1 PYTHON_9.3 #</Process><Process ToolSource="c:\program files (x86)\arcgis\desktop10.2\ArcToolbox\Toolboxes\Data Management Tools.tbx\CalculateField" Date="20140826" Time="113359">CalculateField PGC_Imagery_Mosaic_Tiles_Antarctica status 2 VB #</Process><Process ToolSource="c:\program files (x86)\arcgis\desktop10.4\ArcToolbox\Toolboxes\Data Management Tools.tbx\CalculateField" Date="20170929" Time="131530">CalculateField PGC_Imagery_Mosaic_Tiles_Antarctica status 9 VB #</Process><Process ToolSource="c:\program files (x86)\arcgis\desktop10.4\ArcToolbox\Toolboxes\Data Management Tools.tbx\CalculateField" Date="20170929" Time="131751">CalculateField PGC_Imagery_Mosaic_Tiles_Antarctica status 1 VB #</Process><Process ToolSource="c:\program files (x86)\arcgis\desktop10.4\ArcToolbox\Toolboxes\Data Management Tools.tbx\CalculateField" Date="20170929" Time="132348">CalculateField PGC_Imagery_Mosaic_Tiles_Antarctica status 2 VB #</Process><Process ToolSource="c:\program files (x86)\arcgis\desktop10.4\ArcToolbox\Toolboxes\Data Management Tools.tbx\CalculateField" Date="20180206" Time="094457">CalculateField PGC_Imagery_Mosaic_Tiles_Antarctica status 1 VB #</Process><Process ToolSource="c:\program files (x86)\arcgis\desktop10.4\ArcToolbox\Toolboxes\Data Management Tools.tbx\CalculateField" Date="20180206" Time="094549">CalculateField PGC_Imagery_Mosaic_Tiles_Antarctica status 1 VB #</Process><Process ToolSource="c:\program files (x86)\arcgis\desktop10.4\ArcToolbox\Toolboxes\Data Management Tools.tbx\CalculateField" Date="20180206" Time="094612">CalculateField PGC_Imagery_Mosaic_Tiles_Antarctica status 1 VB #</Process><Process ToolSource="c:\program files (x86)\arcgis\desktop10.4\ArcToolbox\Toolboxes\Data Management Tools.tbx\CalculateField" Date="20180206" Time="094655">CalculateField PGC_Imagery_Mosaic_Tiles_Antarctica status 1 VB #</Process></lineage></DataProperties></Esri></metadata>
