<?xml version="1.0" encoding="UTF-8"?>
<metadata xml:lang="en"><Esri><CreaDate>20120820</CreaDate><CreaTime>08444600</CreaTime><ArcGISFormat>1.0</ArcGISFormat><SyncOnce>TRUE</SyncOnce><DataProperties><lineage><Process ToolSource="c:\program files (x86)\arcgis\desktop10.0\ArcToolbox\Toolboxes\Data Management Tools.tbx\CreateFishnet" Date="20120820" Time="084446">CreateFishnet Y:\private\imagery\satellite\_footprints\imagery_tiling\PGC_Imagery_Mosaic_Tiles_Arctic.shp "-4000000 -4000000" "-4000000 0" 100000 100000 0 0 "4000000 4000000" NO_LABELS # POLYGON</Process><Process ToolSource="C:\Program Files (x86)\ArcGIS\Desktop10.0\ArcToolbox\Toolboxes\Data Management Tools.tbx\CalculateField" Date="20120820" Time="085146">CalculateField PGC_Imagery_Mosaic_Tiles_Arctic status 1 VB #</Process><Process ToolSource="C:\Program Files (x86)\ArcGIS\Desktop10.0\ArcToolbox\Toolboxes\Data Management Tools.tbx\CalculateField" Date="20120820" Time="085343">CalculateField PGC_Imagery_Mosaic_Tiles_Arctic status 0 VB #</Process><Process ToolSource="C:\Program Files (x86)\ArcGIS\Desktop10.0\ArcToolbox\Toolboxes\Data Management Tools.tbx\CalculateField" Date="20120820" Time="085601">CalculateField PGC_Imagery_Mosaic_Tiles_Arctic status 0 VB #</Process><Process ToolSource="C:\Program Files (x86)\ArcGIS\Desktop10.0\ArcToolbox\Toolboxes\Data Management Tools.tbx\CalculateField" Date="20120820" Time="090120">CalculateField PGC_Imagery_Mosaic_Tiles_Arctic status 1 VB #</Process><Process ToolSource="c:\program files (x86)\arcgis\desktop10.0\ArcToolbox\Toolboxes\Data Management Tools.tbx\DefineProjection" Date="20120820" Time="090804">DefineProjection PGC_Imagery_Mosaic_Tiles_Arctic PROJCS['WGS_1984_NSIDC_Sea_Ice_Polar_Stereographic_North',GEOGCS['GCS_WGS_1984',DATUM['D_WGS_1984',SPHEROID['WGS_1984',6378137.0,298.257223563]],PRIMEM['Greenwich',0.0],UNIT['Degree',0.0174532925199433]],PROJECTION['Stereographic_North_Pole'],PARAMETER['False_Easting',0.0],PARAMETER['False_Northing',0.0],PARAMETER['Central_Meridian',-45.0],PARAMETER['Standard_Parallel_1',70.0],UNIT['Meter',1.0]]</Process><Process ToolSource="C:\Program Files (x86)\ArcGIS\Desktop10.0\ArcToolbox\Toolboxes\Data Management Tools.tbx\CalculateField" Date="20120820" Time="090859">CalculateField PGC_Imagery_Mosaic_Tiles_Arctic xmin [xcen]-50000 VB #</Process><Process ToolSource="C:\Program Files (x86)\ArcGIS\Desktop10.0\ArcToolbox\Toolboxes\Data Management Tools.tbx\CalculateField" Date="20120820" Time="090908">CalculateField PGC_Imagery_Mosaic_Tiles_Arctic xmax [xcen]+50000 VB #</Process><Process ToolSource="C:\Program Files (x86)\ArcGIS\Desktop10.0\ArcToolbox\Toolboxes\Data Management Tools.tbx\CalculateField" Date="20120820" Time="090919">CalculateField PGC_Imagery_Mosaic_Tiles_Arctic ymin [ycen]-50000 VB #</Process><Process ToolSource="C:\Program Files (x86)\ArcGIS\Desktop10.0\ArcToolbox\Toolboxes\Data Management Tools.tbx\CalculateField" Date="20120820" Time="090927">CalculateField PGC_Imagery_Mosaic_Tiles_Arctic ymax [ycen]+50000 VB #</Process><Process ToolSource="C:\Program Files (x86)\ArcGIS\Desktop10.0\ArcToolbox\Toolboxes\Data Management Tools.tbx\CalculateField" Date="20120820" Time="091109">CalculateField PGC_Imagery_Mosaic_Tiles_Arctic row "(-4000000 - [xmax]) / 100000" VB #</Process><Process ToolSource="C:\Program Files (x86)\ArcGIS\Desktop10.0\ArcToolbox\Toolboxes\Data Management Tools.tbx\CalculateField" Date="20120820" Time="091141">CalculateField PGC_Imagery_Mosaic_Tiles_Arctic row "abs(-4000000 - [xmax]) / 100000" VB #</Process><Process ToolSource="C:\Program Files (x86)\ArcGIS\Desktop10.0\ArcToolbox\Toolboxes\Data Management Tools.tbx\CalculateField" Date="20120820" Time="091151">CalculateField PGC_Imagery_Mosaic_Tiles_Arctic row "abs(-4000000 - [ymax]) / 100000" VB #</Process><Process ToolSource="C:\Program Files (x86)\ArcGIS\Desktop10.0\ArcToolbox\Toolboxes\Data Management Tools.tbx\CalculateField" Date="20120820" Time="091204">CalculateField PGC_Imagery_Mosaic_Tiles_Arctic col "abs(-4000000 - [xmax]) / 100000" VB #</Process><Process ToolSource="C:\Program Files (x86)\ArcGIS\Desktop10.0\ArcToolbox\Toolboxes\Data Management Tools.tbx\CalculateField" Date="20120820" Time="091303">CalculateField PGC_Imagery_Mosaic_Tiles_Arctic name ""%02s_%02s" %( !row!, !col!)" PYTHON_9.3 #</Process><Process ToolSource="C:\Program Files (x86)\ArcGIS\Desktop10.0\ArcToolbox\Toolboxes\Data Management Tools.tbx\CalculateField" Date="20120820" Time="091417">CalculateField PGC_Imagery_Mosaic_Tiles_Arctic name ""%02d_%02d" %( !row!, !col!)" PYTHON_9.3 #</Process><Process ToolSource="c:\program files (x86)\arcgis\desktop10.1\ArcToolbox\Toolboxes\Data Management Tools.tbx\CalculateField" Date="20130326" Time="123852">CalculateField PGC_Imagery_Mosaic_Tiles_Arctic status 1 VB #</Process><Process ToolSource="c:\program files (x86)\arcgis\desktop10.1\ArcToolbox\Toolboxes\Data Management Tools.tbx\CalculateField" Date="20130326" Time="125029">CalculateField PGC_Imagery_Mosaic_Tiles_Arctic status 1 VB #</Process><Process ToolSource="c:\program files (x86)\arcgis\desktop10.1\ArcToolbox\Toolboxes\Data Management Tools.tbx\CalculateField" Date="20130326" Time="125231">CalculateField PGC_Imagery_Mosaic_Tiles_Arctic status 0 VB #</Process><Process ToolSource="c:\program files (x86)\arcgis\desktop10.1\ArcToolbox\Toolboxes\Data Management Tools.tbx\CalculateField" Date="20130326" Time="125338">CalculateField PGC_Imagery_Mosaic_Tiles_Arctic status 1 VB #</Process><Process ToolSource="c:\program files (x86)\arcgis\desktop10.1\ArcToolbox\Toolboxes\Data Management Tools.tbx\CalculateField" Date="20130326" Time="125450">CalculateField PGC_Imagery_Mosaic_Tiles_Arctic status 2 VB #</Process><Process ToolSource="c:\program files (x86)\arcgis\desktop10.1\ArcToolbox\Toolboxes\Data Management Tools.tbx\CalculateField" Date="20130326" Time="125550">CalculateField PGC_Imagery_Mosaic_Tiles_Arctic status 2 VB #</Process><Process ToolSource="c:\program files (x86)\arcgis\desktop10.1\ArcToolbox\Toolboxes\Data Management Tools.tbx\CalculateField" Date="20130909" Time="095426">CalculateField PGC_Imagery_Mosaic_Tiles_Arctic status 0 VB #</Process><Process ToolSource="c:\program files (x86)\arcgis\desktop10.1\ArcToolbox\Toolboxes\Data Management Tools.tbx\CalculateField" Date="20130909" Time="143349">CalculateField PGC_Imagery_Mosaic_Tiles_Arctic status 1 VB #</Process><Process ToolSource="c:\program files (x86)\arcgis\desktop10.1\ArcToolbox\Toolboxes\Data Management Tools.tbx\CalculateField" Date="20130909" Time="143434">CalculateField PGC_Imagery_Mosaic_Tiles_Arctic status 1 VB #</Process><Process ToolSource="c:\program files (x86)\arcgis\desktop10.2\ArcToolbox\Toolboxes\Data Management Tools.tbx\CalculateField" Date="20131114" Time="152545">CalculateField PGC_Imagery_Mosaic_Tiles_Arctic status 1 VB #</Process><Process ToolSource="c:\program files (x86)\arcgis\desktop10.2\ArcToolbox\Toolboxes\Data Management Tools.tbx\CalculateField" Date="20131204" Time="115843">CalculateField PGC_Imagery_Mosaic_Tiles_Arctic status 2 VB #</Process><Process ToolSource="c:\program files (x86)\arcgis\desktop10.2\ArcToolbox\Toolboxes\Data Management Tools.tbx\CalculateField" Date="20150226" Time="153320">CalculateField PGC_Imagery_Mosaic_Tiles_Arctic status 1 VB #</Process><Process ToolSource="c:\program files (x86)\arcgis\desktop10.2\ArcToolbox\Toolboxes\Data Management Tools.tbx\CalculateField" Date="20150226" Time="153350">CalculateField PGC_Imagery_Mosaic_Tiles_Arctic status 0 VB #</Process><Process ToolSource="c:\program files (x86)\arcgis\desktop10.3\ArcToolbox\Toolboxes\Data Management Tools.tbx\CalculateField" Date="20150413" Time="093513">CalculateField PGC_Imagery_Mosaic_Tiles_Arctic status 1 VB #</Process><Process ToolSource="c:\program files (x86)\arcgis\desktop10.3\ArcToolbox\Toolboxes\Data Management Tools.tbx\CalculateField" Date="20150413" Time="093528">CalculateField PGC_Imagery_Mosaic_Tiles_Arctic status 1 VB #</Process><Process ToolSource="c:\program files (x86)\arcgis\desktop10.3\ArcToolbox\Toolboxes\Data Management Tools.tbx\CalculateField" Date="20150413" Time="093611">CalculateField PGC_Imagery_Mosaic_Tiles_Arctic status 1 VB #</Process><Process ToolSource="c:\program files (x86)\arcgis\desktop10.3\ArcToolbox\Toolboxes\Data Management Tools.tbx\CalculateField" Date="20150611" Time="094840">CalculateField PGC_Imagery_Mosaic_Tiles_Arctic status 1 VB #</Process><Process ToolSource="c:\program files (x86)\arcgis\desktop10.3\ArcToolbox\Toolboxes\Data Management Tools.tbx\CalculateField" Date="20150611" Time="095304">CalculateField PGC_Imagery_Mosaic_Tiles_Arctic status 1 VB #</Process><Process ToolSource="c:\program files (x86)\arcgis\desktop10.3\ArcToolbox\Toolboxes\Data Management Tools.tbx\CalculateField" Date="20150615" Time="155540">CalculateField PGC_Imagery_Mosaic_Tiles_Arctic status 2 VB #</Process><Process ToolSource="c:\program files (x86)\arcgis\desktop10.3\ArcToolbox\Toolboxes\Data Management Tools.tbx\CalculateField" Date="20150921" Time="131501">CalculateField PGC_Imagery_Mosaic_Tiles_Arctic status 1 VB #</Process><Process ToolSource="c:\program files (x86)\arcgis\desktop10.3\ArcToolbox\Toolboxes\Data Management Tools.tbx\CalculateField" Date="20150924" Time="111937">CalculateField PGC_Imagery_Mosaic_Tiles_Arctic status 2 VB #</Process><Process ToolSource="c:\program files (x86)\arcgis\desktop10.3\ArcToolbox\Toolboxes\Data Management Tools.tbx\CalculateField" Date="20150924" Time="145450">CalculateField PGC_Imagery_Mosaic_Tiles_Arctic status 2 VB #</Process><Process ToolSource="c:\program files (x86)\arcgis\desktop10.3\ArcToolbox\Toolboxes\Data Management Tools.tbx\CalculateField" Date="20151005" Time="112710">CalculateField PGC_Imagery_Mosaic_Tiles_Arctic status 1 VB #</Process><Process ToolSource="c:\program files (x86)\arcgis\desktop10.3\ArcToolbox\Toolboxes\Data Management Tools.tbx\CalculateField" Date="20151005" Time="112742">CalculateField PGC_Imagery_Mosaic_Tiles_Arctic status 1 VB #</Process><Process ToolSource="c:\program files (x86)\arcgis\desktop10.3\ArcToolbox\Toolboxes\Data Management Tools.tbx\CalculateField" Date="20151005" Time="112848">CalculateField PGC_Imagery_Mosaic_Tiles_Arctic status 2 VB #</Process><Process ToolSource="c:\program files (x86)\arcgis\desktop10.3\ArcToolbox\Toolboxes\Data Management Tools.tbx\CalculateField" Date="20151006" Time="150150">CalculateField PGC_Imagery_Mosaic_Tiles_Arctic status 2 VB #</Process><Process ToolSource="c:\program files (x86)\arcgis\desktop10.3\ArcToolbox\Toolboxes\Data Management Tools.tbx\CalculateField" Date="20151007" Time="100705">CalculateField PGC_Imagery_Mosaic_Tiles_Arctic status 1 VB #</Process><Process ToolSource="c:\program files (x86)\arcgis\desktop10.3\ArcToolbox\Toolboxes\Data Management Tools.tbx\CalculateField" Date="20151014" Time="170052">CalculateField PGC_Imagery_Mosaic_Tiles_Arctic status 1 VB #</Process><Process ToolSource="c:\program files (x86)\arcgis\desktop10.3\ArcToolbox\Toolboxes\Data Management Tools.tbx\CalculateField" Date="20151014" Time="171206">CalculateField PGC_Imagery_Mosaic_Tiles_Arctic col a VB #</Process><Process ToolSource="c:\program files (x86)\arcgis\desktop10.3\ArcToolbox\Toolboxes\Data Management Tools.tbx\CalculateField" Date="20151014" Time="171352">CalculateField PGC_Imagery_Mosaic_Tiles_Arctic xmin [xcen]-50000 VB #</Process><Process ToolSource="c:\program files (x86)\arcgis\desktop10.3\ArcToolbox\Toolboxes\Data Management Tools.tbx\CalculateField" Date="20151014" Time="171401">CalculateField PGC_Imagery_Mosaic_Tiles_Arctic xmax [xcen]+50000 VB #</Process><Process ToolSource="c:\program files (x86)\arcgis\desktop10.3\ArcToolbox\Toolboxes\Data Management Tools.tbx\CalculateField" Date="20151014" Time="171414">CalculateField PGC_Imagery_Mosaic_Tiles_Arctic ymin [ycen]-50000 VB #</Process><Process ToolSource="c:\program files (x86)\arcgis\desktop10.3\ArcToolbox\Toolboxes\Data Management Tools.tbx\CalculateField" Date="20151014" Time="171422">CalculateField PGC_Imagery_Mosaic_Tiles_Arctic ymax [ycen]+50000 VB #</Process><Process ToolSource="c:\program files (x86)\arcgis\desktop10.3\ArcToolbox\Toolboxes\Data Management Tools.tbx\CalculateField" Date="20151014" Time="171454">CalculateField PGC_Imagery_Mosaic_Tiles_Arctic col 0 VB #</Process><Process ToolSource="c:\program files (x86)\arcgis\desktop10.3\ArcToolbox\Toolboxes\Data Management Tools.tbx\CalculateField" Date="20151014" Time="171546">CalculateField PGC_Imagery_Mosaic_Tiles_Arctic name ""%02d_0a" % !row!" PYTHON_9.3 #</Process><Process ToolSource="c:\program files (x86)\arcgis\desktop10.3\ArcToolbox\Toolboxes\Data Management Tools.tbx\CalculateField" Date="20151014" Time="171625">CalculateField PGC_Imagery_Mosaic_Tiles_Arctic name ""%02d_0b" % !row!" PYTHON_9.3 #</Process><Process ToolSource="c:\program files (x86)\arcgis\desktop10.3\ArcToolbox\Toolboxes\Data Management Tools.tbx\CalculateField" Date="20151014" Time="171652">CalculateField PGC_Imagery_Mosaic_Tiles_Arctic name ""%02d_0c" % !row!" PYTHON_9.3 #</Process><Process ToolSource="c:\program files (x86)\arcgis\desktop10.3\ArcToolbox\Toolboxes\Data Management Tools.tbx\CalculateField" Date="20151014" Time="171711">CalculateField PGC_Imagery_Mosaic_Tiles_Arctic name ""%02d_0d" % !row!" PYTHON_9.3 #</Process><Process ToolSource="c:\program files (x86)\arcgis\desktop10.3\ArcToolbox\Toolboxes\Data Management Tools.tbx\CalculateField" Date="20151014" Time="171731">CalculateField PGC_Imagery_Mosaic_Tiles_Arctic col 0 PYTHON_9.3 #</Process><Process ToolSource="c:\program files (x86)\arcgis\desktop10.3\ArcToolbox\Toolboxes\Data Management Tools.tbx\CalculateField" Date="20151014" Time="172216">CalculateField PGC_Imagery_Mosaic_Tiles_Arctic name !name!.replace('d','0') PYTHON_9.3 #</Process><Process ToolSource="c:\program files (x86)\arcgis\desktop10.3\ArcToolbox\Toolboxes\Data Management Tools.tbx\CalculateField" Date="20151014" Time="172254">CalculateField PGC_Imagery_Mosaic_Tiles_Arctic status 0 PYTHON_9.3 #</Process><Process ToolSource="c:\program files (x86)\arcgis\desktop10.3\ArcToolbox\Toolboxes\Data Management Tools.tbx\CalculateField" Date="20151014" Time="172309">CalculateField PGC_Imagery_Mosaic_Tiles_Arctic status 0 PYTHON_9.3 #</Process><Process ToolSource="c:\program files (x86)\arcgis\desktop10.3\ArcToolbox\Toolboxes\Data Management Tools.tbx\CalculateField" Date="20151014" Time="172336">CalculateField PGC_Imagery_Mosaic_Tiles_Arctic status 1 PYTHON_9.3 #</Process><Process ToolSource="c:\program files (x86)\arcgis\desktop10.3\ArcToolbox\Toolboxes\Data Management Tools.tbx\CalculateField" Date="20151014" Time="173858">CalculateField PGC_Imagery_Mosaic_Tiles_Arctic status 0 PYTHON_9.3 #</Process><Process ToolSource="c:\program files (x86)\arcgis\desktop10.3\ArcToolbox\Toolboxes\Data Management Tools.tbx\CalculateField" Date="20151014" Time="174052">CalculateField PGC_Imagery_Mosaic_Tiles_Arctic status 0 PYTHON_9.3 #</Process><Process ToolSource="c:\program files (x86)\arcgis\desktop10.3\ArcToolbox\Toolboxes\Data Management Tools.tbx\CalculateField" Date="20151016" Time="093101">CalculateField PGC_Imagery_Mosaic_Tiles_Arctic status 2 PYTHON_9.3 #</Process><Process ToolSource="c:\program files (x86)\arcgis\desktop10.4\ArcToolbox\Toolboxes\Data Management Tools.tbx\CalculateField" Date="20170412" Time="160126">CalculateField PGC_Imagery_Mosaic_Tiles_Arctic status 1 VB #</Process><Process ToolSource="c:\program files (x86)\arcgis\desktop10.4\ArcToolbox\Toolboxes\Data Management Tools.tbx\CalculateField" Date="20170412" Time="160156">CalculateField PGC_Imagery_Mosaic_Tiles_Arctic status 1 VB #</Process><Process ToolSource="c:\program files (x86)\arcgis\desktop10.4\ArcToolbox\Toolboxes\Data Management Tools.tbx\CalculateField" Date="20170412" Time="160324">CalculateField PGC_Imagery_Mosaic_Tiles_Arctic row 81 VB #</Process><Process ToolSource="c:\program files (x86)\arcgis\desktop10.4\ArcToolbox\Toolboxes\Data Management Tools.tbx\CalculateField" Date="20170412" Time="160425">CalculateField PGC_Imagery_Mosaic_Tiles_Arctic name "{:02d}_{:02d}".format( !row! , !col! ) PYTHON_9.3 #</Process><Process ToolSource="c:\program files (x86)\arcgis\desktop10.4\ArcToolbox\Toolboxes\Data Management Tools.tbx\CalculateField" Date="20170412" Time="160516">CalculateField PGC_Imagery_Mosaic_Tiles_Arctic ymin !ycen!-50000 PYTHON_9.3 #</Process><Process ToolSource="c:\program files (x86)\arcgis\desktop10.4\ArcToolbox\Toolboxes\Data Management Tools.tbx\CalculateField" Date="20170412" Time="160524">CalculateField PGC_Imagery_Mosaic_Tiles_Arctic ymax !ycen!+50000 PYTHON_9.3 #</Process><Process ToolSource="c:\program files (x86)\arcgis\desktop10.4\ArcToolbox\Toolboxes\Data Management Tools.tbx\CalculateField" Date="20170412" Time="160652">CalculateField PGC_Imagery_Mosaic_Tiles_Arctic status 1 PYTHON_9.3 #</Process><Process ToolSource="c:\program files (x86)\arcgis\desktop10.4\ArcToolbox\Toolboxes\Data Management Tools.tbx\CalculateField" Date="20170412" Time="160754">CalculateField PGC_Imagery_Mosaic_Tiles_Arctic status 1 PYTHON_9.3 #</Process><Process ToolSource="c:\program files (x86)\arcgis\desktop10.4\ArcToolbox\Toolboxes\Data Management Tools.tbx\CalculateField" Date="20170509" Time="121910">CalculateField PGC_Imagery_Mosaic_Tiles_Arctic status 1 VB #</Process><Process ToolSource="c:\program files (x86)\arcgis\desktop10.4\ArcToolbox\Toolboxes\Data Management Tools.tbx\CalculateField" Date="20180212" Time="141336">CalculateField PGC_Imagery_Mosaic_Tiles_Arctic status 1 VB #</Process><Process ToolSource="c:\program files (x86)\arcgis\desktop10.5\ArcToolbox\Toolboxes\Data Management Tools.tbx\CalculateField" Date="20180219" Time="112233">CalculateField PGC_Imagery_Mosaic_Tiles_Arctic status 1 VB #</Process><Process ToolSource="c:\program files (x86)\arcgis\desktop10.5\ArcToolbox\Toolboxes\Data Management Tools.tbx\CalculateField" Date="20180220" Time="165523">CalculateField PGC_Imagery_Mosaic_Tiles_Arctic status 1 VB #</Process><Process ToolSource="c:\program files (x86)\arcgis\desktop10.5\ArcToolbox\Toolboxes\Data Management Tools.tbx\CalculateField" Date="20180228" Time="155253">CalculateField PGC_Imagery_Mosaic_Tiles_Arctic status 1 VB #</Process><Process ToolSource="c:\program files (x86)\arcgis\desktop10.5\ArcToolbox\Toolboxes\Data Management Tools.tbx\CalculateField" Date="20180228" Time="155452">CalculateField PGC_Imagery_Mosaic_Tiles_Arctic status 1 VB #</Process></lineage></DataProperties></Esri></metadata>
