<metadata xml:lang="en"><Esri><CreaDate>20201008</CreaDate><CreaTime>14221400</CreaTime><ArcGISFormat>1.0</ArcGISFormat><SyncOnce>FALSE</SyncOnce><DataProperties><lineage><Process ToolSource="c:\program files (x86)\arcgis\desktop10.4\ArcToolbox\Toolboxes\Data Management Tools.tbx\CalculateField" Date="20170427" Time="131457">CalculateField NonPolar_Geocells Active 1 VB #</Process><Process ToolSource="c:\program files (x86)\arcgis\desktop10.4\ArcToolbox\Toolboxes\Data Management Tools.tbx\CalculateField" Date="20170427" Time="143637">CalculateField NonPolar_Geocells Active 1 VB #</Process><Process ToolSource="c:\program files (x86)\arcgis\desktop10.4\ArcToolbox\Toolboxes\Data Management Tools.tbx\CalculateField" Date="20170427" Time="144211">CalculateField NonPolar_Geocells Active 2 VB #</Process><Process ToolSource="c:\program files (x86)\arcgis\desktop10.4\ArcToolbox\Toolboxes\Data Management Tools.tbx\CalculateField" Date="20170427" Time="144819">CalculateField NonPolar_Geocells Active 0 VB #</Process><Process ToolSource="c:\program files (x86)\arcgis\desktop10.4\ArcToolbox\Toolboxes\Data Management Tools.tbx\CalculateField" Date="20170427" Time="145925">CalculateField NonPolar_Geocells Active 3 VB #</Process><Process ToolSource="c:\program files (x86)\arcgis\desktop10.4\ArcToolbox\Toolboxes\Data Management Tools.tbx\CalculateField" Date="20170505" Time="122909">CalculateField NonPolar_Geocells Active 4 VB #</Process><Process ToolSource="c:\program files (x86)\arcgis\desktop10.5\ArcToolbox\Toolboxes\Data Management Tools.tbx\CalculateField" Date="20171218" Time="120145">CalculateField NonPolar_Geocells COLECT_NET "20171219000000" VB #</Process><Process ToolSource="c:\program files (x86)\arcgis\desktop10.5\ArcToolbox\Toolboxes\Data Management Tools.tbx\CalculateField" Date="20171218" Time="120220">CalculateField NonPolar_Geocells COLECT_NLT "20181231000000" VB #</Process><Process ToolSource="c:\program files (x86)\arcgis\desktop10.5\ArcToolbox\Toolboxes\Data Management Tools.tbx\CalculateField" Date="20171218" Time="120410">CalculateField NonPolar_Geocells PROD_CODE "90012" VB #</Process><Process ToolSource="c:\program files (x86)\arcgis\desktop10.5\ArcToolbox\Toolboxes\Data Management Tools.tbx\CalculateField" Date="20171218" Time="120457">CalculateField NonPolar_Geocells SPEC_TYPE "NO PREFERENCE" VB #</Process><Process ToolSource="c:\program files (x86)\arcgis\desktop10.5\ArcToolbox\Toolboxes\Data Management Tools.tbx\CalculateField" Date="20171218" Time="125943">CalculateField NonPolar_Geocells Active 0 VB #</Process><Process ToolSource="c:\program files (x86)\arcgis\desktop10.5\ArcToolbox\Toolboxes\Data Management Tools.tbx\CalculateField" Date="20171218" Time="125954">CalculateField NonPolar_Geocells Site_Group "" VB #</Process><Process ToolSource="c:\program files (x86)\arcgis\desktop10.5\ArcToolbox\Toolboxes\Data Management Tools.tbx\CalculateField" Date="20171218" Time="130001">CalculateField NonPolar_Geocells Notes "" VB #</Process><Process ToolSource="c:\program files (x86)\arcgis\desktop10.5\ArcToolbox\Toolboxes\Data Management Tools.tbx\CalculateField" Date="20171218" Time="130016">CalculateField NonPolar_Geocells COMMAND "NORTHCOM" VB #</Process><Process ToolSource="c:\program files (x86)\arcgis\desktop10.5\ArcToolbox\Toolboxes\Data Management Tools.tbx\CalculateField" Date="20171218" Time="130109">CalculateField NonPolar_Geocells Active 1 VB #</Process><Process ToolSource="c:\program files (x86)\arcgis\desktop10.5\ArcToolbox\Toolboxes\Data Management Tools.tbx\CalculateField" Date="20171218" Time="130137">CalculateField NonPolar_Geocells Site_Group "HMA 2018" VB #</Process><Process ToolSource="c:\program files (x86)\arcgis\desktop10.5\ArcToolbox\Toolboxes\Data Management Tools.tbx\CalculateField" Date="20171218" Time="130302">CalculateField NonPolar_Geocells v1 1 VB #</Process><Process ToolSource="c:\program files (x86)\arcgis\desktop10.5\ArcToolbox\Toolboxes\Data Management Tools.tbx\CalculateField" Date="20171218" Time="130446">CalculateField NonPolar_Geocells Active 1 VB #</Process><Process ToolSource="c:\program files (x86)\arcgis\desktop10.5\ArcToolbox\Toolboxes\Data Management Tools.tbx\CalculateField" Date="20171218" Time="130451">CalculateField NonPolar_Geocells v1 1 VB #</Process><Process ToolSource="c:\program files (x86)\arcgis\desktop10.5\ArcToolbox\Toolboxes\Data Management Tools.tbx\CalculateField" Date="20171218" Time="130552">CalculateField NonPolar_Geocells Site_Group "NSF: LTER, CZO, NEON, NCALM 2018" VB #</Process><Process ToolSource="c:\program files (x86)\arcgis\desktop10.5\ArcToolbox\Toolboxes\Data Management Tools.tbx\CalculateField" Date="20180222" Time="102603">CalculateField NonPolar_Geocells Active 1 VB #</Process><Process ToolSource="c:\program files (x86)\arcgis\desktop10.5\ArcToolbox\Toolboxes\Data Management Tools.tbx\CalculateField" Date="20180222" Time="102647">CalculateField NonPolar_Geocells Deck_Num 1 VB #</Process><Process ToolSource="c:\program files (x86)\arcgis\desktop10.5\ArcToolbox\Toolboxes\Data Management Tools.tbx\CalculateField" Date="20180222" Time="102735">CalculateField NonPolar_Geocells COLECT_NET "20180223000000" VB #</Process><Process ToolSource="c:\program files (x86)\arcgis\desktop10.5\ArcToolbox\Toolboxes\Data Management Tools.tbx\CalculateField" Date="20180222" Time="102845">CalculateField NonPolar_Geocells PLATFORM "STEREO" VB #</Process><Process ToolSource="c:\program files (x86)\arcgis\desktop10.5\ArcToolbox\Toolboxes\Data Management Tools.tbx\CalculateField" Date="20180222" Time="102901">CalculateField NonPolar_Geocells FREQUENCY "ONCE" VB #</Process><Process ToolSource="c:\program files (x86)\arcgis\desktop10.5\ArcToolbox\Toolboxes\Data Management Tools.tbx\CalculateField" Date="20180222" Time="102918">CalculateField NonPolar_Geocells SPEC_TYPE "MULTISPECTRAL" VB #</Process><Process ToolSource="c:\program files (x86)\arcgis\desktop10.5\ArcToolbox\Toolboxes\Data Management Tools.tbx\CalculateField" Date="20180222" Time="103027">CalculateField NonPolar_Geocells PROD_CODE "90006" VB #</Process><Process ToolSource="c:\program files (x86)\arcgis\desktop10.5\ArcToolbox\Toolboxes\Data Management Tools.tbx\CalculateField" Date="20180222" Time="110330">CalculateField NonPolar_Geocells COLECT_NET "20170223000000" VB #</Process><Process ToolSource="c:\program files (x86)\arcgis\desktop10.5\ArcToolbox\Toolboxes\Data Management Tools.tbx\CalculateField" Date="20180222" Time="110343">CalculateField NonPolar_Geocells Active 1 VB #</Process><Process ToolSource="c:\program files (x86)\arcgis\desktop10.5\ArcToolbox\Toolboxes\Data Management Tools.tbx\CalculateField" Date="20180222" Time="110439">CalculateField NonPolar_Geocells PLATFORM "STEREO" VB #</Process><Process ToolSource="c:\program files (x86)\arcgis\desktop10.5\ArcToolbox\Toolboxes\Data Management Tools.tbx\CalculateField" Date="20180222" Time="110451">CalculateField NonPolar_Geocells FREQUENCY "ONCE" VB #</Process><Process ToolSource="c:\program files (x86)\arcgis\desktop10.5\ArcToolbox\Toolboxes\Data Management Tools.tbx\CalculateField" Date="20180222" Time="111148">CalculateField NonPolar_Geocells COLECT_NET "20180223000000" VB #</Process><Process ToolSource="c:\program files (x86)\arcgis\desktop10.5\ArcToolbox\Toolboxes\Data Management Tools.tbx\CalculateField" Date="20180222" Time="111456">CalculateField NonPolar_Geocells Site_Group "Ob Watershed" VB #</Process><Process ToolSource="c:\program files (x86)\arcgis\desktop10.5\ArcToolbox\Toolboxes\Data Management Tools.tbx\CalculateField" Date="20180321" Time="093654">CalculateField NonPolar_Geocells PRIORITY "PRIORITY" VB #</Process><Process ToolSource="c:\program files (x86)\arcgis\desktop10.5\ArcToolbox\Toolboxes\Data Management Tools.tbx\CalculateField" Date="20180321" Time="093751">CalculateField NonPolar_Geocells Active 0 VB #</Process><Process ToolSource="c:\program files (x86)\arcgis\desktop10.5\ArcToolbox\Toolboxes\Data Management Tools.tbx\CalculateField" Date="20180321" Time="093757">CalculateField NonPolar_Geocells v1 0 VB #</Process><Process ToolSource="c:\program files (x86)\arcgis\desktop10.5\ArcToolbox\Toolboxes\Data Management Tools.tbx\CalculateField" Date="20180321" Time="093802">CalculateField NonPolar_Geocells Deck_Num 0 VB #</Process><Process ToolSource="c:\program files (x86)\arcgis\desktop10.5\ArcToolbox\Toolboxes\Data Management Tools.tbx\CalculateField" Date="20180321" Time="104203">CalculateField NonPolar_Geocells COLECT_NET "20180321000000" VB #</Process><Process ToolSource="c:\program files (x86)\arcgis\desktop10.5\ArcToolbox\Toolboxes\Data Management Tools.tbx\CalculateField" Date="20180404" Time="133611">CalculateField NonPolar_Geocells Active 0 VB #</Process><Process ToolSource="c:\program files (x86)\arcgis\desktop10.5\ArcToolbox\Toolboxes\Data Management Tools.tbx\CalculateField" Date="20180404" Time="133619">CalculateField NonPolar_Geocells v1 0 VB #</Process><Process ToolSource="c:\program files (x86)\arcgis\desktop10.5\ArcToolbox\Toolboxes\Data Management Tools.tbx\CalculateField" Date="20180405" Time="084741">CalculateField NonPolar_Geocells Active 1 VB #</Process><Process ToolSource="c:\program files (x86)\arcgis\desktop10.5\ArcToolbox\Toolboxes\Data Management Tools.tbx\CalculateField" Date="20180405" Time="100136">CalculateField NonPolar_Geocells Active 0 VB #</Process><Process ToolSource="c:\program files (x86)\arcgis\desktop10.5\ArcToolbox\Toolboxes\Data Management Tools.tbx\CalculateField" Date="20180405" Time="115906">CalculateField NonPolar_Geocells Active 0 VB #</Process><Process ToolSource="c:\program files (x86)\arcgis\desktop10.5\ArcToolbox\Toolboxes\Data Management Tools.tbx\CalculateField" Date="20180405" Time="120001">CalculateField NonPolar_Geocells Active 0 VB #</Process><Process ToolSource="c:\program files (x86)\arcgis\desktop10.5\ArcToolbox\Toolboxes\Data Management Tools.tbx\CalculateField" Date="20180405" Time="120911">CalculateField NonPolar_Geocells Active 0 VB #</Process><Process ToolSource="c:\program files (x86)\arcgis\desktop10.5\ArcToolbox\Toolboxes\Data Management Tools.tbx\CalculateField" Date="20180405" Time="121127">CalculateField NonPolar_Geocells Active 0 VB #</Process><Process ToolSource="c:\program files (x86)\arcgis\desktop10.5\ArcToolbox\Toolboxes\Data Management Tools.tbx\CalculateField" Date="20180405" Time="121448">CalculateField NonPolar_Geocells Active 0 VB #</Process><Process ToolSource="c:\program files (x86)\arcgis\desktop10.5\ArcToolbox\Toolboxes\Data Management Tools.tbx\CalculateField" Date="20180405" Time="121833">CalculateField NonPolar_Geocells Active 0 VB #</Process><Process ToolSource="c:\program files (x86)\arcgis\desktop10.5\ArcToolbox\Toolboxes\Data Management Tools.tbx\CalculateField" Date="20180405" Time="122052">CalculateField NonPolar_Geocells Active 0 VB #</Process><Process ToolSource="c:\program files (x86)\arcgis\desktop10.5\ArcToolbox\Toolboxes\Data Management Tools.tbx\CalculateField" Date="20180405" Time="123849">CalculateField NonPolar_Geocells Active 0 VB #</Process><Process ToolSource="c:\program files (x86)\arcgis\desktop10.5\ArcToolbox\Toolboxes\Data Management Tools.tbx\CalculateField" Date="20180405" Time="124213">CalculateField NonPolar_Geocells Active 0 VB #</Process><Process ToolSource="c:\program files (x86)\arcgis\desktop10.5\ArcToolbox\Toolboxes\Data Management Tools.tbx\CalculateField" Date="20180405" Time="125202">CalculateField NonPolar_Geocells Active 0 VB #</Process><Process ToolSource="c:\program files (x86)\arcgis\desktop10.5\ArcToolbox\Toolboxes\Data Management Tools.tbx\CalculateField" Date="20180405" Time="125536">CalculateField NonPolar_Geocells Active 0 VB #</Process><Process ToolSource="c:\program files (x86)\arcgis\desktop10.5\ArcToolbox\Toolboxes\Data Management Tools.tbx\CalculateField" Date="20180412" Time="102208">CalculateField NonPolar_Geocells Active 2 VB #</Process><Process ToolSource="c:\program files (x86)\arcgis\desktop10.5\ArcToolbox\Toolboxes\Data Management Tools.tbx\CalculateField" Date="20180412" Time="102441">CalculateField NonPolar_Geocells COLECT_NET 20170413000000 VB #</Process><Process ToolSource="c:\program files (x86)\arcgis\desktop10.5\ArcToolbox\Toolboxes\Data Management Tools.tbx\CalculateField" Date="20180412" Time="102530">CalculateField NonPolar_Geocells PLATFORM "STEREO" VB #</Process><Process ToolSource="c:\program files (x86)\arcgis\desktop10.5\ArcToolbox\Toolboxes\Data Management Tools.tbx\CalculateField" Date="20180412" Time="102541">CalculateField NonPolar_Geocells FREQUENCY "ONCE" VB #</Process><Process ToolSource="c:\program files (x86)\arcgis\desktop10.5\ArcToolbox\Toolboxes\Data Management Tools.tbx\CalculateField" Date="20180412" Time="103047">CalculateField NonPolar_Geocells COLECT_NET 20180413000000 VB #</Process><Process ToolSource="c:\program files (x86)\arcgis\desktop10.5\ArcToolbox\Toolboxes\Data Management Tools.tbx\CalculateField" Date="20180412" Time="103103">CalculateField NonPolar_Geocells COLECT_NLT 20191231000000 VB #</Process><Process ToolSource="c:\program files (x86)\arcgis\desktop10.5\ArcToolbox\Toolboxes\Data Management Tools.tbx\CalculateField" Date="20180412" Time="112559">CalculateField NonPolar_Geocells COLECT_NET 20180413000000 VB #</Process><Process ToolSource="c:\program files (x86)\arcgis\desktop10.5\ArcToolbox\Toolboxes\Data Management Tools.tbx\CalculateField" Date="20180412" Time="112613">CalculateField NonPolar_Geocells COLECT_NLT 20191231000000 VB #</Process><Process ToolSource="c:\program files (x86)\arcgis\desktop10.5\ArcToolbox\Toolboxes\Data Management Tools.tbx\CalculateField" Date="20180412" Time="112636">CalculateField NonPolar_Geocells PLATFORM "STEREO" VB #</Process><Process ToolSource="c:\program files (x86)\arcgis\desktop10.5\ArcToolbox\Toolboxes\Data Management Tools.tbx\CalculateField" Date="20180412" Time="112647">CalculateField NonPolar_Geocells FREQUENCY "ONCE" VB #</Process><Process ToolSource="c:\program files (x86)\arcgis\desktop10.5\ArcToolbox\Toolboxes\Data Management Tools.tbx\CalculateField" Date="20180412" Time="125411">CalculateField NonPolar_Geocells Active 1 VB #</Process><Process ToolSource="c:\program files (x86)\arcgis\desktop10.5\ArcToolbox\Toolboxes\Data Management Tools.tbx\CalculateField" Date="20180412" Time="125433">CalculateField NonPolar_Geocells Active 0 VB #</Process><Process ToolSource="c:\program files (x86)\arcgis\desktop10.5\ArcToolbox\Toolboxes\Data Management Tools.tbx\CalculateField" Date="20180412" Time="130204">CalculateField NonPolar_Geocells COLECT_NET 20180413000000 VB #</Process><Process ToolSource="c:\program files (x86)\arcgis\desktop10.5\ArcToolbox\Toolboxes\Data Management Tools.tbx\CalculateField" Date="20180412" Time="130212">CalculateField NonPolar_Geocells COLECT_NLT 20191231000000 VB #</Process><Process ToolSource="c:\program files (x86)\arcgis\desktop10.5\ArcToolbox\Toolboxes\Data Management Tools.tbx\CalculateField" Date="20180412" Time="130241">CalculateField NonPolar_Geocells PLATFORM "STEREO" VB #</Process><Process ToolSource="c:\program files (x86)\arcgis\desktop10.5\ArcToolbox\Toolboxes\Data Management Tools.tbx\CalculateField" Date="20180412" Time="130253">CalculateField NonPolar_Geocells FREQUENCY "ONCE" VB #</Process><Process ToolSource="c:\program files (x86)\arcgis\desktop10.5\ArcToolbox\Toolboxes\Data Management Tools.tbx\CalculateField" Date="20180613" Time="093941">CalculateField NonPolar_Geocells Active 0 VB #</Process><Process ToolSource="c:\program files (x86)\arcgis\desktop10.5\ArcToolbox\Toolboxes\Data Management Tools.tbx\CalculateField" Date="20180613" Time="111317">CalculateField NonPolar_Geocells Active 1 VB #</Process><Process ToolSource="c:\program files (x86)\arcgis\desktop10.5\ArcToolbox\Toolboxes\Data Management Tools.tbx\CalculateField" Date="20180613" Time="120557">CalculateField NonPolar_Geocells Active 2 VB #</Process><Process ToolSource="c:\program files (x86)\arcgis\desktop10.5\ArcToolbox\Toolboxes\Data Management Tools.tbx\CalculateField" Date="20180613" Time="124620">CalculateField NonPolar_Geocells Active 0 VB #</Process><Process ToolSource="c:\program files (x86)\arcgis\desktop10.5\ArcToolbox\Toolboxes\Data Management Tools.tbx\CalculateField" Date="20180613" Time="124704">CalculateField NonPolar_Geocells Active 1 VB #</Process><Process ToolSource="c:\program files (x86)\arcgis\desktop10.5\ArcToolbox\Toolboxes\Data Management Tools.tbx\CalculateField" Date="20180613" Time="124943">CalculateField NonPolar_Geocells Active 1 VB #</Process><Process ToolSource="c:\program files (x86)\arcgis\desktop10.5\ArcToolbox\Toolboxes\Data Management Tools.tbx\CalculateField" Date="20180613" Time="125008">CalculateField NonPolar_Geocells Active 2 VB #</Process><Process ToolSource="c:\program files (x86)\arcgis\desktop10.5\ArcToolbox\Toolboxes\Data Management Tools.tbx\CalculateField" Date="20180613" Time="125057">CalculateField NonPolar_Geocells Active 1 VB #</Process><Process ToolSource="c:\program files (x86)\arcgis\desktop10.5\ArcToolbox\Toolboxes\Data Management Tools.tbx\CalculateField" Date="20180613" Time="125305">CalculateField NonPolar_Geocells Active 2 VB #</Process><Process ToolSource="c:\program files (x86)\arcgis\desktop10.5\ArcToolbox\Toolboxes\Data Management Tools.tbx\CalculateField" Date="20180613" Time="130547">CalculateField NonPolar_Geocells Active 1 VB #</Process><Process ToolSource="c:\program files (x86)\arcgis\desktop10.5\ArcToolbox\Toolboxes\Data Management Tools.tbx\CalculateField" Date="20180613" Time="130801">CalculateField NonPolar_Geocells Active 1 VB #</Process><Process ToolSource="c:\program files (x86)\arcgis\desktop10.5\ArcToolbox\Toolboxes\Data Management Tools.tbx\CalculateField" Date="20180613" Time="133550">CalculateField NonPolar_Geocells PRIORITY "PRIORITY" VB #</Process><Process ToolSource="c:\program files (x86)\arcgis\desktop10.5\ArcToolbox\Toolboxes\Data Management Tools.tbx\CalculateField" Date="20180613" Time="133943">CalculateField NonPolar_Geocells COLECT_NET "20180613000000" VB #</Process><Process ToolSource="c:\program files (x86)\arcgis\desktop10.5\ArcToolbox\Toolboxes\Data Management Tools.tbx\CalculateField" Date="20180613" Time="134000">CalculateField NonPolar_Geocells COLECT_NLT "20191231000000" VB #</Process><Process ToolSource="c:\program files (x86)\arcgis\desktop10.5\ArcToolbox\Toolboxes\Data Management Tools.tbx\CalculateField" Date="20180613" Time="134153">CalculateField NonPolar_Geocells Active 1 VB #</Process><Process ToolSource="c:\program files (x86)\arcgis\desktop10.5\ArcToolbox\Toolboxes\Data Management Tools.tbx\CalculateField" Date="20180613" Time="134200">CalculateField NonPolar_Geocells v1 1 VB #</Process><Process ToolSource="c:\program files (x86)\arcgis\desktop10.6\ArcToolbox\Toolboxes\Conversion Tools.tbx\FeatureClassToFeatureClass" Date="20181130" Time="083140">FeatureClassToFeatureClass E:\Projects\Satellite_Tasking\working_data\Tasking_Database.gdb\NonPolar_Tasking\NonPolar_Geocells E:\Projects\Satellite_Tasking\temp NonPolar_Geocells.shp # "AREA_SQKM "AREA_SQKM" true true false 254 Text 0 0 ,First,#,E:\Projects\Satellite_Tasking\working_data\Tasking_Database.gdb\NonPolar_Tasking\NonPolar_Geocells,AREA_SQKM,-1,-1;COUNTRY "COUNTRY" true true false 50 Text 0 0 ,First,#,E:\Projects\Satellite_Tasking\working_data\Tasking_Database.gdb\NonPolar_Tasking\NonPolar_Geocells,COUNTRY,-1,-1;IDENTIFIER "IDENTIFIER" true true false 50 Text 0 0 ,First,#,E:\Projects\Satellite_Tasking\working_data\Tasking_Database.gdb\NonPolar_Tasking\NonPolar_Geocells,IDENTIFIER,-1,-1;Cent_Lat "Cent_Lat" true true false 8 Double 0 0 ,First,#,E:\Projects\Satellite_Tasking\working_data\Tasking_Database.gdb\NonPolar_Tasking\NonPolar_Geocells,Cent_Lat,-1,-1;Cent_Lon "Cent_Lon" true true false 8 Double 0 0 ,First,#,E:\Projects\Satellite_Tasking\working_data\Tasking_Database.gdb\NonPolar_Tasking\NonPolar_Geocells,Cent_Lon,-1,-1;CNTY_CODE "CNTY_CODE" true true false 30 Text 0 0 ,First,#,E:\Projects\Satellite_Tasking\working_data\Tasking_Database.gdb\NonPolar_Tasking\NonPolar_Geocells,CNTY_CODE,-1,-1;EASTERN_B "EASTERN_B" true true false 8 Double 0 0 ,First,#,E:\Projects\Satellite_Tasking\working_data\Tasking_Database.gdb\NonPolar_Tasking\NonPolar_Geocells,EASTERN_B,-1,-1;NORTHERN_B "NORTHERN_B" true true false 8 Double 0 0 ,First,#,E:\Projects\Satellite_Tasking\working_data\Tasking_Database.gdb\NonPolar_Tasking\NonPolar_Geocells,NORTHERN_B,-1,-1;SOUTHERN_B "SOUTHERN_B" true true false 8 Double 0 0 ,First,#,E:\Projects\Satellite_Tasking\working_data\Tasking_Database.gdb\NonPolar_Tasking\NonPolar_Geocells,SOUTHERN_B,-1,-1;WESTERN_B "WESTERN_B" true true false 8 Double 0 0 ,First,#,E:\Projects\Satellite_Tasking\working_data\Tasking_Database.gdb\NonPolar_Tasking\NonPolar_Geocells,WESTERN_B,-1,-1;Shape_Leng "Shape_Leng" false true true 8 Double 0 0 ,First,#,E:\Projects\Satellite_Tasking\working_data\Tasking_Database.gdb\NonPolar_Tasking\NonPolar_Geocells,Shape_Length,-1,-1;Shape_Area "Shape_Area" false true true 8 Double 0 0 ,First,#,E:\Projects\Satellite_Tasking\working_data\Tasking_Database.gdb\NonPolar_Tasking\NonPolar_Geocells,Shape_Area,-1,-1" #</Process><Process ToolSource="c:\program files (x86)\arcgis\desktop10.6\ArcToolbox\Toolboxes\Data Management Tools.tbx\CalculateField" Date="20181210" Time="145105">CalculateField EarthDEM_regions_v1.2 region_n_1 [region_n_1] VB #</Process><Process ToolSource="c:\program files (x86)\arcgis\desktop10.6\ArcToolbox\Toolboxes\Data Management Tools.tbx\CalculateField" Date="20181210" Time="145220">CalculateField EarthDEM_regions_v1.2 region_n_1 int( !region_num!) PYTHON_9.3 #</Process><Process ToolSource="c:\program files (x86)\arcgis\desktop10.6\ArcToolbox\Toolboxes\Data Management Tools.tbx\CalculateField" Date="20181210" Time="145304">CalculateField EarthDEM_regions_v1.2 region_num int( !region_n_1! ) PYTHON_9.3 #</Process><Process ToolSource="c:\program files (x86)\arcgis\desktop10.6\ArcToolbox\Toolboxes\Data Management Tools.tbx\CalculateField" Date="20181210" Time="145545">CalculateField EarthDEM_regions_v1.2 region_id "region_{02:}_{}".format( !region_num! , !name!.replace(" ","_") ) PYTHON_9.3 #</Process><Process ToolSource="c:\program files (x86)\arcgis\desktop10.6\ArcToolbox\Toolboxes\Data Management Tools.tbx\CalculateField" Date="20181210" Time="145631">CalculateField EarthDEM_regions_v1.2 region_id "region_{}_{}".format( !region_num! , !name!.replace(" ","_").lower() ) PYTHON_9.3 #</Process><Process ToolSource="c:\program files (x86)\arcgis\desktop10.6\ArcToolbox\Toolboxes\Data Management Tools.tbx\CalculateField" Date="20181210" Time="145701">CalculateField EarthDEM_regions_v1.2 region_id "region_{:02}_{}".format( !region_num! , !name!.replace(" ","_").lower() ) PYTHON_9.3 #</Process><Process ToolSource="c:\program files (x86)\arcgis\desktop10.6\ArcToolbox\Toolboxes\Data Management Tools.tbx\CalculateField" Date="20190305" Time="154147">CalculateField EarthDEM_regions_v1.3 project "EarthDEM" PYTHON_9.3 #</Process><Process ToolSource="c:\program files (x86)\arcgis\desktop10.6\ArcToolbox\Toolboxes\Data Management Tools.tbx\CalculateField" Date="20190305" Time="154243">CalculateField EarthDEM_regions_v1.3 project "ArcticDEM" PYTHON_9.3 #</Process><Process ToolSource="c:\program files (x86)\arcgis\desktop10.6\ArcToolbox\Toolboxes\Data Management Tools.tbx\CalculateField" Date="20190305" Time="154257">CalculateField EarthDEM_regions_v1.3 project "REMA" PYTHON_9.3 #</Process><Process ToolSource="c:\program files (x86)\arcgis\desktop10.6\ArcToolbox\Toolboxes\Data Management Tools.tbx\CalculateField" Date="20190305" Time="154521">CalculateField EarthDEM_regions_v1.3 proj_reg "{}_{}".format( !project!, !region_id!) PYTHON_9.3 #</Process><Process ToolSource="c:\program files (x86)\arcgis\desktop10.6\ArcToolbox\Toolboxes\Data Management Tools.tbx\CalculateField" Date="20190305" Time="154531">CalculateField EarthDEM_regions_v1.3 proj_reg "{}_{}".format( !project!, !region_id!).lower() PYTHON_9.3 #</Process><Process ToolSource="c:\program files (x86)\arcgis\desktop10.6\ArcToolbox\Toolboxes\Data Management Tools.tbx\CalculateField" Date="20190325" Time="123830">CalculateField EarthDEM_regions_v1_3 region_id !region_id!.replace("region","arcticdem") PYTHON_9.3 #</Process><Process ToolSource="c:\program files (x86)\arcgis\desktop10.6\ArcToolbox\Toolboxes\Data Management Tools.tbx\CalculateField" Date="20190325" Time="123905">CalculateField EarthDEM_regions_v1_3 region_id !region_id!.replace("region","rema") PYTHON_9.3 #</Process><Process ToolSource="c:\program files (x86)\arcgis\desktop10.6\ArcToolbox\Toolboxes\Data Management Tools.tbx\CalculateField" Date="20190325" Time="123941">CalculateField EarthDEM_regions_v1_3 region_id !region_id!.replace("region","earthdem") PYTHON_9.3 #</Process><Process ToolSource="c:\program files (x86)\arcgis\desktop10.6\ArcToolbox\Toolboxes\Data Management Tools.tbx\CalculateField" Date="20190325" Time="124156">CalculateField EarthDEM_regions_v1_4 region_id !region_id!.replace("region", !project!.lower() ) PYTHON_9.3 #</Process><Process ToolSource="c:\program files (x86)\arcgis\desktop10.6\ArcToolbox\Toolboxes\Data Management Tools.tbx\CalculateField" Date="20190325" Time="124217">CalculateField EarthDEM_regions_v1_4 region_id !region_id!.replace("region", !project!.lower() ) PYTHON_9.3 #</Process><Process ToolSource="c:\program files (x86)\arcgis\desktop10.7\ArcToolbox\Toolboxes\Data Management Tools.tbx\Dissolve" Date="20200515" Time="134825">Dissolve EarthDEM_regions_v1_6 V:\pgc\data\scratch\erik\data\reference\setsm_processing\processing_regions\EarthDEM_regions_v1_6_dissolve_project.shp project # MULTI_PART DISSOLVE_LINES</Process><Process ToolSource="c:\program files (x86)\arcgis\desktop10.7\ArcToolbox\Toolboxes\Editing Tools.tbx\Generalize" Date="20200515" Time="140225">Generalize V:\pgc\data\scratch\erik\data\reference\setsm_processing\processing_regions\EarthDEM_regions_v1_6_dissolve_project.shp "0 DecimalDegrees"</Process><Process ToolSource="c:\program files (x86)\arcgis\desktop10.7\ArcToolbox\Toolboxes\Data Management Tools.tbx\Merge" Date="20200515" Time="202619">Merge V:\pgc\data\scratch\erik\data\reference\setsm_processing\processing_regions\EarthDEM_regions_v1_6_dissolve_project_polar.shp;EarthDEM_utm_zones_v4 V:\pgc\data\scratch\erik\data\reference\setsm_processing\processing_regions\EarthDEM_mosaic_zones_v4.shp "project "project" true true false 50 Text 0 0 ,First,#,V:\pgc\data\scratch\erik\data\reference\setsm_processing\processing_regions\EarthDEM_regions_v1_6_dissolve_project_polar.shp,project,-1,-1;utm_zone "utm_zone" true true false 3 Text 0 0 ,First,#,EarthDEM_utm_zones_v4,utm_zone,-1,-1;Shape_Leng "Shape_Leng" false true true 8 Double 0 0 ,First,#,EarthDEM_utm_zones_v4,Shape_Length,-1,-1;Shape_Area "Shape_Area" false true true 8 Double 0 0 ,First,#,EarthDEM_utm_zones_v4,Shape_Area,-1,-1"</Process><Process ToolSource="c:\program files (x86)\arcgis\desktop10.7\ArcToolbox\Toolboxes\Data Management Tools.tbx\CalculateField" Date="20200515" Time="203047">CalculateField EarthDEM_mosaic_zones_v4 project 'EarthDEM' PYTHON_9.3 #</Process><Process ToolSource="c:\program files (x86)\arcgis\desktop10.7\ArcToolbox\Toolboxes\Data Management Tools.tbx\CalculateField" Date="20200515" Time="204004">CalculateField EarthDEM_mosaic_zones_v4 epsg "(32600 + int( !utm_zone!.replace('N', '') ) ) if !utm_zone!.endswith('N') else (32700 + int( !utm_zone!.replace('S', '') ) )" PYTHON_9.3 #</Process><Process ToolSource="c:\program files (x86)\arcgis\desktop10.7\ArcToolbox\Toolboxes\Data Management Tools.tbx\CalculateField" Date="20200515" Time="204422">CalculateField EarthDEM_mosaic_zones_v4 proj4 "'+proj=utm +zone=' + str( !utm_zone!.replace('N', '').replace('S', '') ) + (' +south' if  !utm_zone!.endswith('S') else '') + ' +ellps=WGS84 +datum=WGS84 +units=m +no_defs '" PYTHON_9.3 #</Process><Process ToolSource="c:\program files (x86)\arcgis\desktop10.7\ArcToolbox\Toolboxes\Data Management Tools.tbx\CalculateField" Date="20200515" Time="204516">CalculateField EarthDEM_mosaic_zones_v4 utm_zone !utm_zone!.lower() PYTHON_9.3 #</Process><Process ToolSource="c:\program files (x86)\arcgis\desktop10.7\ArcToolbox\Toolboxes\Data Management Tools.tbx\CalculateField" Date="20200515" Time="204917">CalculateField EarthDEM_mosaic_zones_v4 tileprefix "'utm'+ !utm_zone!" PYTHON_9.3 #</Process><Process ToolSource="c:\program files (x86)\arcgis\desktop10.7\ArcToolbox\Toolboxes\Data Management Tools.tbx\CalculateField" Date="20200820" Time="173154">CalculateField EarthDEM_mosaic_zones_v4 name [tileprefix] VB #</Process><Process ToolSource="c:\program files (x86)\arcgis\desktop10.7\ArcToolbox\Toolboxes\Data Management Tools.tbx\CalculateField" Date="20201008" Time="142849">CalculateField EarthDEM_mosaic_zones_v4_fixed name "!name! if not !name!.startswith('utm') else 'utm{:02d}{}'.format(int(!name![3:-1]), !name![-1])" PYTHON_9.3 #</Process><Process ToolSource="c:\program files (x86)\arcgis\desktop10.7\ArcToolbox\Toolboxes\Conversion Tools.tbx\FeatureClassToFeatureClass" Date="20201008" Time="144817">FeatureClassToFeatureClass E:\scratch\data\reference\setsm_processing\EarthDEM_utm_grid.gdb\EarthDEM_mosaic_zones_v4_fixed E:\scratch\data\reference\setsm_processing\processing_regions EarthDEM_mosaic_zones_v4.shp # "project "project" true true false 50 Text 0 0 ,First,#,E:\scratch\data\reference\setsm_processing\EarthDEM_utm_grid.gdb\EarthDEM_mosaic_zones_v4_fixed,project,-1,-1;epsg "epsg" true true false 4 Long 0 0 ,First,#,E:\scratch\data\reference\setsm_processing\EarthDEM_utm_grid.gdb\EarthDEM_mosaic_zones_v4_fixed,epsg,-1,-1;proj4 "proj4" true true false 130 Text 0 0 ,First,#,E:\scratch\data\reference\setsm_processing\EarthDEM_utm_grid.gdb\EarthDEM_mosaic_zones_v4_fixed,proj4,-1,-1;name "name" true true false 15 Text 0 0 ,First,#,E:\scratch\data\reference\setsm_processing\EarthDEM_utm_grid.gdb\EarthDEM_mosaic_zones_v4_fixed,name,-1,-1;Shape_Leng "Shape_Leng" false true true 8 Double 0 0 ,First,#,E:\scratch\data\reference\setsm_processing\EarthDEM_utm_grid.gdb\EarthDEM_mosaic_zones_v4_fixed,Shape_Length,-1,-1;Shape_Area "Shape_Area" false true true 8 Double 0 0 ,First,#,E:\scratch\data\reference\setsm_processing\EarthDEM_utm_grid.gdb\EarthDEM_mosaic_zones_v4_fixed,Shape_Area,-1,-1" #</Process></lineage><itemProps><itemName Sync="TRUE">EarthDEM_mosaic_zones_v4</itemName><imsContentType Sync="TRUE">002</imsContentType><itemSize Sync="TRUE">0.000</itemSize><itemLocation><linkage Sync="TRUE">file://\\PGC-NEPHELINE\E$\scratch\data\reference\setsm_processing\processing_regions\EarthDEM_mosaic_zones_v4.shp</linkage><protocol Sync="TRUE">Local Area Network</protocol></itemLocation></itemProps><coordRef><type Sync="TRUE">Geographic</type><geogcsn Sync="TRUE">GCS_WGS_1984</geogcsn><csUnits Sync="TRUE">Angular Unit: Degree (0.017453)</csUnits><peXml Sync="TRUE">&lt;GeographicCoordinateSystem xsi:type='typens:GeographicCoordinateSystem' xmlns:xsi='http://www.w3.org/2001/XMLSchema-instance' xmlns:xs='http://www.w3.org/2001/XMLSchema' xmlns:typens='http://www.esri.com/schemas/ArcGIS/10.7'&gt;&lt;WKT&gt;GEOGCS[&amp;quot;GCS_WGS_1984&amp;quot;,DATUM[&amp;quot;D_WGS_1984&amp;quot;,SPHEROID[&amp;quot;WGS_1984&amp;quot;,6378137.0,298.257223563]],PRIMEM[&amp;quot;Greenwich&amp;quot;,0.0],UNIT[&amp;quot;Degree&amp;quot;,0.0174532925199433],AUTHORITY[&amp;quot;EPSG&amp;quot;,4326]]&lt;/WKT&gt;&lt;XOrigin&gt;-400&lt;/XOrigin&gt;&lt;YOrigin&gt;-400&lt;/YOrigin&gt;&lt;XYScale&gt;11258999068426.238&lt;/XYScale&gt;&lt;ZOrigin&gt;-100000&lt;/ZOrigin&gt;&lt;ZScale&gt;10000&lt;/ZScale&gt;&lt;MOrigin&gt;-100000&lt;/MOrigin&gt;&lt;MScale&gt;10000&lt;/MScale&gt;&lt;XYTolerance&gt;8.983152841195215e-09&lt;/XYTolerance&gt;&lt;ZTolerance&gt;0.001&lt;/ZTolerance&gt;&lt;MTolerance&gt;0.001&lt;/MTolerance&gt;&lt;HighPrecision&gt;true&lt;/HighPrecision&gt;&lt;LeftLongitude&gt;-180&lt;/LeftLongitude&gt;&lt;WKID&gt;4326&lt;/WKID&gt;&lt;LatestWKID&gt;4326&lt;/LatestWKID&gt;&lt;/GeographicCoordinateSystem&gt;</peXml></coordRef></DataProperties><SyncDate>20201008</SyncDate><SyncTime>14481600</SyncTime><ModDate>20201008</ModDate><ModTime>14481600</ModTime></Esri><dataIdInfo><envirDesc Sync="TRUE"> Version 6.2 (Build 9200) ; Esri ArcGIS 10.7.0.10450</envirDesc><dataLang><languageCode value="eng" Sync="TRUE"></languageCode><countryCode value="USA" Sync="TRUE"></countryCode></dataLang><idCitation><resTitle Sync="TRUE">EarthDEM_mosaic_zones_v4</resTitle><presForm><PresFormCd value="005" Sync="TRUE"></PresFormCd></presForm></idCitation><spatRpType><SpatRepTypCd value="001" Sync="TRUE"></SpatRepTypCd></spatRpType></dataIdInfo><mdLang><languageCode value="eng" Sync="TRUE"></languageCode><countryCode value="USA" Sync="TRUE"></countryCode></mdLang><distInfo><distFormat><formatName Sync="TRUE">Shapefile</formatName></distFormat><distTranOps><transSize Sync="TRUE">0.000</transSize></distTranOps></distInfo><mdHrLv><ScopeCd value="005" Sync="TRUE"></ScopeCd></mdHrLv><mdHrLvName Sync="TRUE">dataset</mdHrLvName><refSysInfo><RefSystem><refSysID><identCode code="4326" Sync="TRUE"></identCode><idCodeSpace Sync="TRUE">EPSG</idCodeSpace><idVersion Sync="TRUE">6.14(3.0.1)</idVersion></refSysID></RefSystem></refSysInfo><spatRepInfo><VectSpatRep><geometObjs Name="EarthDEM_mosaic_zones_v4"><geoObjTyp><GeoObjTypCd value="002" Sync="TRUE"></GeoObjTypCd></geoObjTyp><geoObjCnt Sync="TRUE">0</geoObjCnt></geometObjs><topLvl><TopoLevCd value="001" Sync="TRUE"></TopoLevCd></topLvl></VectSpatRep></spatRepInfo><spdoinfo><ptvctinf><esriterm Name="EarthDEM_mosaic_zones_v4"><efeatyp Sync="TRUE">Simple</efeatyp><efeageom code="4" Sync="TRUE"></efeageom><esritopo Sync="TRUE">FALSE</esritopo><efeacnt Sync="TRUE">0</efeacnt><spindex Sync="TRUE">FALSE</spindex><linrefer Sync="TRUE">FALSE</linrefer></esriterm></ptvctinf></spdoinfo><eainfo><detailed Name="EarthDEM_mosaic_zones_v4"><enttyp><enttypl Sync="TRUE">EarthDEM_mosaic_zones_v4</enttypl><enttypt Sync="TRUE">Feature Class</enttypt><enttypc Sync="TRUE">0</enttypc></enttyp><attr><attrlabl Sync="TRUE">FID</attrlabl><attalias Sync="TRUE">FID</attalias><attrtype Sync="TRUE">OID</attrtype><attwidth Sync="TRUE">4</attwidth><atprecis Sync="TRUE">0</atprecis><attscale Sync="TRUE">0</attscale><attrdef Sync="TRUE">Internal feature number.</attrdef><attrdefs Sync="TRUE">Esri</attrdefs><attrdomv><udom Sync="TRUE">Sequential unique whole numbers that are automatically generated.</udom></attrdomv></attr><attr><attrlabl Sync="TRUE">Shape</attrlabl><attalias Sync="TRUE">Shape</attalias><attrtype Sync="TRUE">Geometry</attrtype><attwidth Sync="TRUE">0</attwidth><atprecis Sync="TRUE">0</atprecis><attscale Sync="TRUE">0</attscale><attrdef Sync="TRUE">Feature geometry.</attrdef><attrdefs Sync="TRUE">Esri</attrdefs><attrdomv><udom Sync="TRUE">Coordinates defining the features.</udom></attrdomv></attr><attr><attrlabl Sync="TRUE">project</attrlabl><attalias Sync="TRUE">project</attalias><attrtype Sync="TRUE">String</attrtype><attwidth Sync="TRUE">50</attwidth><atprecis Sync="TRUE">0</atprecis><attscale Sync="TRUE">0</attscale></attr><attr><attrlabl Sync="TRUE">epsg</attrlabl><attalias Sync="TRUE">epsg</attalias><attrtype Sync="TRUE">Integer</attrtype><attwidth Sync="TRUE">10</attwidth><atprecis Sync="TRUE">10</atprecis><attscale Sync="TRUE">0</attscale></attr><attr><attrlabl Sync="TRUE">proj4</attrlabl><attalias Sync="TRUE">proj4</attalias><attrtype Sync="TRUE">String</attrtype><attwidth Sync="TRUE">130</attwidth><atprecis Sync="TRUE">0</atprecis><attscale Sync="TRUE">0</attscale></attr><attr><attrlabl Sync="TRUE">name</attrlabl><attalias Sync="TRUE">name</attalias><attrtype Sync="TRUE">String</attrtype><attwidth Sync="TRUE">15</attwidth><atprecis Sync="TRUE">0</atprecis><attscale Sync="TRUE">0</attscale></attr><attr><attrlabl Sync="TRUE">Shape_Leng</attrlabl><attalias Sync="TRUE">Shape_Leng</attalias><attrtype Sync="TRUE">Double</attrtype><attwidth Sync="TRUE">19</attwidth><atprecis Sync="TRUE">0</atprecis><attscale Sync="TRUE">0</attscale></attr><attr><attrlabl Sync="TRUE">Shape_Area</attrlabl><attalias Sync="TRUE">Shape_Area</attalias><attrtype Sync="TRUE">Double</attrtype><attwidth Sync="TRUE">19</attwidth><atprecis Sync="TRUE">0</atprecis><attscale Sync="TRUE">0</attscale><attrdef Sync="TRUE">Area of feature in internal units squared.</attrdef><attrdefs Sync="TRUE">Esri</attrdefs><attrdomv><udom Sync="TRUE">Positive real numbers that are automatically generated.</udom></attrdomv></attr></detailed></eainfo><mdDateSt Sync="TRUE">20201008</mdDateSt><mdChar><CharSetCd value="004" Sync="TRUE"></CharSetCd></mdChar></metadata>
